{"cameraMode":{"drawMode":0,"name":"Shaded","section":"Shading Mode"},"sceneLighting":true,"audioPlay":false,"sceneViewState":{"showFog":true,"showMaterialUpdate":false,"showSkybox":true,"showFlares":true,"showImageEffects":true,"showParticleSystems":true},"in2DMode":false,"pivot":{"x":-0.21729730069637299,"y":0.09487462043762207,"z":2.0413129329681398},"rotation":{"x":-0.18953059613704682,"y":0.03592381626367569,"z":-0.0069427466951310638,"w":-0.9812160134315491},"size":4.777309417724609,"orthographic":false}